product_id,제품명,기존_brand_name,반영_brand_name
00024e93-c3c3-4ca1-b0f2-74b0e65375cd,그리니즈 고양이 필라인 덴탈 스낵,쿠팡검색,그리니즈
00f7ff0c-2f5d-4e32-9d71-3108a2dd2e66,시저 1세 이상 강아지 버라이어티팩 주식캔,쿠팡검색,시저
026e1a48-6a83-424a-b679-9d0e0b49793e,"슬로울리라이프 연어 오리 (10~12세) 노령견 사료, 1개, 1.6kg, 연어+오리",쿠팡검색,슬로울리라이프
0275e1aa-f8a0-4135-b9d0-b5774edc7713,인디고포 세븐 비 포 독 사료,쿠팡검색,인디고포
03d3e49c-e00e-4e29-bb37-0a2efb333b61,이즈칸 독 시니어 밸런스 사료,쿠팡검색,이즈칸
05127958-76a2-419d-8619-fcffaba90960,로얄캐닌 헤어볼 케어 고양이 사료,쿠팡검색,로얄캐닌
067d442b-8506-4c0f-8d85-c6fd0c78edd1,"네츄럴펫스낵 강아지 수제 간식 대용량, 2개, 600g, 양등뼈",쿠팡검색,네츄럴펫스낵
09e32a20-43f8-4645-8823-f86d3108e456,"펫리서치 짜먹는 고양이 간식 츄, 참치+연어+닭고기, 15g, 90개",쿠팡상품,펫리서치
0a09e7fe-1ec6-4dce-a4e6-99193c003823,챠오츄르 고양이 버라이어티 간식,쿠팡검색,챠오츄르
0c7f316b-991e-4782-ade4-431f48d81cff,탐사 클래식 진도 사료,쿠팡검색,탐사
0dc1553c-e3ed-41e5-b234-4a2db292e221,이즈칸 고양이 올라이프 밸런스,쿠팡검색,이즈칸
0dda88cd-5f99-468a-b77c-75a8f8c35382,든든 반려동물 동결건조 간식,쿠팡검색,든든
0e8fa505-93ae-4b1f-a668-3031374e3d1a,"닥터뉴트리코어 강아지 다이제스티브 200, 1개, 420g, 혼합맛(닭고기/연어)",쿠팡검색,닥터뉴트리코어
10741b41-7712-492e-b8b4-23c762aae374,뉴트리나 마스터 필드 대용량 사료,쿠팡검색,뉴트리나
10c615b2-09e9-4c3c-84e4-061dff15c2e8,캐츠랑 키튼 고양이 건식 사료,쿠팡검색,캐츠랑
12242d20-54a1-4627-aab3-1ca582025af4,페스룸 스파이더웹 덴탈바 올인원 12p,쿠팡검색,페스룸
1238be78-a381-4b44-831a-671a402bf94b,팝케어 팝스 픽키앤 센서티브 저지방 고양이 주식캔 습식 파우치,쿠팡검색,팝케어
13054f23-0d8f-4615-a148-267954ccd0bd,"네츄럴펫스낵 국내산 안전한 무첨가 강아지 수제 간식, 1개, 300g, 오리육포",쿠팡검색,네츄럴펫스낵
132d7875-bb4a-4072-ad0b-b940fae902ea,포켄스 덴티페어리 디스펜서 덴탈껌 SS 124개입,쿠팡검색,포켄스
13a56f5b-6564-4e12-90d0-f5a5683a8185,하림펫푸드밥이보약 고양이 기능성 사료,쿠팡검색,하림펫푸드
160e8323-fbb8-4fd2-b44e-1923f6825153,힐스 w/d 강아지용 멀티베네핏 1.5kg wd 애견용 드라이사료,쿠팡상품,힐스
1699c43b-b28f-41f1-b583-16d04bf83986,"더스탠다드 맛있는 덴탈껌 구강&관절 리프레시 100p 가수분해 저알러지 양치껌, 1개, 600g, 구강&관절(리프레시)",쿠팡검색,더스탠다드
170bfdcb-e8a4-4f50-80f6-f0ea0c8c049c,탐사6free강아지 사료 치킨 레시피,쿠팡검색,탐사
1eaf810b-fc3c-4494-a113-8166847af688,뉴트리나건강백서 전연령 강아지 기능성 사료,쿠팡검색,뉴트리나
1ee83e51-70a3-4d54-a187-7dfe2e407b35,하림펫푸드 더리얼 그레인프리 오븐베이크드 어덜트 강아지사료,쿠팡검색,하림펫푸드
1f5f981a-a67e-48eb-8ac2-74d3d13b2b56,"맘스펫푸드 국내산 황태 강아지 고양이 저염 무첨가 고단백 기호성 수제간식, 200g, 2개, 쫄깃한 맛 황태뱃살",쿠팡검색,맘스펫푸드
1fc7d0a3-7c78-49b5-b79d-7b8ccba6def2,탐사 고양이 간식 순살 닭가슴살 대용량,쿠팡검색,탐사
2017d9e2-ade3-48ea-abb2-ce54832f198e,로얄캐닌 강아지 하이포알러제닉 스몰독 사료,쿠팡검색,로얄캐닌
208f54e2-08b9-45f3-9757-c94ede3a4176,졸리마켓 강아지 대용량 육포,쿠팡검색,졸리마켓
20f62fd8-5855-4f5b-93e8-45b023b1adbc,"국개대표 강아지 올바른끼니 기능성 사료, 뼈/관절강화, 1.2kg, 2개",쿠팡검색,국개대표
21295e9b-5818-43c4-a803-b278188006f6,"로얄 미쵸캔, 고양이캔",쿠팡검색,로얄
215ad3a8-ed8e-48ea-8dd6-f0ba497a660a,테비트릿 동결건조 점보 몬스터,쿠팡검색,테비
222554da-ff5d-47e9-855b-dcb9fb787cb1,굿데이 강아지 건강한 육포,쿠팡검색,굿데이
2237fb4e-9932-428d-926e-6d52953d8b3b,동원뉴트리플랜 전연령 고양이 플러스 참치맛 건식사료,쿠팡검색,동원
23217335-0f44-4816-88b9-62f34dce6ec2,네츄럴코어 전연령 강아지 에코플러스6 건식사료,쿠팡검색,네츄럴코어
232d07ae-4fb1-4a99-8a80-27e181ae1f86,"오가닉스토리 하이포알러제닉 가수분해 강아지 눈물 사료, 7kg, 1개, 가수분해연어",쿠팡검색,오가닉스토리
2437dcf5-ebd7-42c0-be37-e356c38805dc,탐사 반려동물 동결건조 간식 닭가슴살 240g,쿠팡검색,탐사
2482c407-7a76-4d3c-8f4f-46b76f41e89a,굿딜즈 고양이 360도 회전 고슴도치  캣닢볼 그린,쿠팡검색,굿딜즈
24ba6ba6-710b-4ba4-bc34-2937a9a90e7a,졸리마켓 강아지 대용량 육포,쿠팡검색,졸리마켓
24d055de-83e0-49d3-ad23-c87ba8b77c71,"프로바이오틱라이브 어덜트 캣 중성화 건식사료, 생선, 2kg, 1개",쿠팡검색,프로바이오틱라이브
25eaca9a-e11f-4de5-8e22-041447dac58a,인디고포 세븐 비 포 독 사료,쿠팡검색,인디고포
25ff1803-104b-4fb7-ab48-8bbcee214cbe,"올바른끼니 알파 강아지 사료 소프트 스팀 사료 (안먹으면 100% 환불 보장), 1.2kg, 2개, 양",쿠팡검색,올바른끼니
26cf5ef1-d564-47e1-a95f-41b04497a7ef,팝케어 팝스 유리너리 저지방 고양이 주식캔 습식 파우치 무스,쿠팡검색,팝케어
27338a7c-15d3-49ba-a94b-177300a55501,하림펫푸드밥이보약 강아지 기능성 사료,쿠팡검색,하림펫푸드
2778486a-ca79-4e6c-be73-0373e7abd741,캐츠랑 고양이 저요저요 보양간식,쿠팡검색,캐츠랑
28f1041f-65a1-4e3c-b683-0283cfd13412,ANF 베터플러스 독 샘플 멀티팩 40g x 4종 세트,쿠팡검색,ANF
2960f6d1-3df4-4923-858f-9dc70a39aa3c,쉬바 고양이 주식 파우치,쿠팡상품,쉬바
2a625af0-be37-4eae-b118-e18b79787e8d,"인디고포 고양이 면역 기능성 사료, 헤어볼, 6kg, 1개",쿠팡검색,인디고포
2c3a403e-d81f-4621-b187-f22d0c630802,잘먹잘싸 강아지 건식사료,쿠팡상품,잘먹잘싸
2c8ff287-1afa-444b-be86-0bfbed99b324,"캣퓨어 고양이 유산균 포뮬러 기능성 사료, 유리너리+장건강, 1.2kg, 1개",쿠팡검색,캣퓨어
2c99d5d7-9af4-4917-9e4e-e47bff6edfaa,"블루버팔로 어덜트 캣 인도어 건식사료, 닭, 4.9kg, 1개",쿠팡검색,블루버팔로
2d933997-d682-429c-af87-71d21a489d15,"EVOLVE 전연령 그레인프리 강아지 건식사료, 칠면조, 11.79kg, 1개",쿠팡검색,EVOLVE
2ef52748-0c12-40f6-a4cb-507af10f5e12,"조공 어덜트 소피 캣 내추럴 습식캔, 참치, 90g, 24개",쿠팡검색,조공
315eb335-d7e6-44bf-ada2-383c6cb68391,로렌츠 강아지 슬개골탈구 눈물자국 사료 팜레시피,쿠팡검색,로렌츠
33989548-9282-4b59-8090-1cbb07b7cc92,ANF 전연령용 독 소프트사료,쿠팡검색,ANF
342ba8fd-fe36-4eb2-a908-fb1f24f24151,이나바 고양이 치킨가득 파우치 간식 12p,쿠팡검색,이나바
3495ec0b-d471-4fb0-9475-27e6d4137328,"제로랩스 강아지 고기가득 노즈워크 져키, 소고기, 1kg, 2개",쿠팡검색,제로랩스
35040101-3ccd-473b-b50f-451da548c08d,그리니즈 강아지 덴탈껌,쿠팡검색,그리니즈
3585cf1a-d632-4ec1-911a-ff4faab9a3ed,이즈칸 강아지 알러지프리 기능성 사료,쿠팡검색,이즈칸
3596743b-a246-41a0-a5aa-e0cb8ce9a284,오가앤리프 캣 웨이트케어 유기농 다이어트 가수분해 사료,쿠팡검색,오가앤리프
38156f33-31df-47ae-abdc-552d1a4703f1,"펫생각 하루조이 미니말랑 저칼로리 자색고구마 노즈워크 강아지 간식 다이어트 칭찬 보상 교육 훈련용 대용량 간식, 자색고구마, 200g, 1개",쿠팡상품,펫생각
3b58137b-d053-4707-857d-717f38212ca2,"INDIGO 강아지 바이오뉴트리션 기능성 사료, 피부/피모+장건강, 2kg, 1개",쿠팡검색,INDIGO
3bb53683-06fb-41cb-83bc-ae9bf0a4abb3,"로얄 프리미엄 고양이 플러스 스틱 간식 50p, 새우, 500g, 6개",쿠팡검색,로얄
3fca3b4c-3bb4-4f13-ab56-eff3c4ddf567,"펫생각 하루조이 미니말랑 저칼로리 자색고구마 노즈워크 강아지 간식 다이어트 칭찬 보상 교육 훈련용 대용량 간식, 자색고구마, 200g, 1개",쿠팡검색,펫생각
4179ec42-9ad1-4ba0-93ce-c7789e8c396d,now 어덜트 강아지 그레인프리 스몰브리드 건식사료,쿠팡검색,now
42ecf59b-d3bf-4ae1-97cf-594f8b21af24,포켄스 강아지 뉴트리션 트릿 미니 영양제,쿠팡검색,포켄스
43571cd4-7d6b-4194-a4fd-02279ce36d85,하림펫푸드밥이보약 강아지 기능성 사료,쿠팡검색,하림펫푸드
43b463ad-ca54-4406-9b1e-f1924e2de922,"오가앤리프 캣 대용량 가수분해 유기농 사료, 닭+연어, 7kg, 1개",쿠팡검색,오가앤리프
444b97dd-8949-42b8-9de5-a4a50025097e,"반려소반 반려동물 바른트릿 동결건조 열빙어 간식, 1개, 열빙어, 130g",쿠팡검색,반려소반
44ad1af7-2e6c-4aae-bd7b-bd01d100558e,시저 어덜트 강아지 건식사료,쿠팡검색,시저
4512e21b-19e5-44bf-990e-59b87151b3bc,템테이션 고양이 헤어볼 컨트롤 스낵 간식,쿠팡검색,템테이션
46ed46b1-092a-46e4-b7d4-c1e335f5fa4c,네츄럴코어 전연령 강아지 에코플러스3 건식사료,쿠팡검색,네츄럴코어
48efccc7-c090-4d3d-8489-d5034ad77acb,"본아페티 플러스 강아지 기능성 스팀 수제사료, 연어, 1kg, 2개",쿠팡검색,본아페티
491011ba-e888-482c-b95d-6c55458d4e8f,"INDIGO 고양이 그레이비 캔, 80g, 24개, 흰살참치",쿠팡검색,INDIGO
492f2ebf-b6cc-44fa-a3e7-431757d6c245,"EVOLVE 전연령용 캣 건식사료, 닭, 6.8kg, 1개",쿠팡검색,EVOLVE
4a774a06-91e4-4c5a-853a-f5177b2f9f79,하림펫푸드밥이보약 고양이 기능성 사료,쿠팡검색,하림펫푸드
4ab8eb79-7f32-4a75-b854-3f6fb878ee99,펫리서치 짜먹는 고양이 간식 츄,쿠팡상품,펫리서치
4b2a1374-005a-4e72-8687-664f4c4e97af,"네이처펫 전연령 고양이 아임트릿 동결건조 큐브 사료, 닭, 300g, 1개",쿠팡검색,네이처펫
4b329fe3-b70c-4c1b-bdd2-61e39a164e2d,테이스트오브더와일드 전연령 강아지 토우 프레이 송어독 건식사료,쿠팡검색,테이스트오브더와일드
4bec9854-48f4-4b58-ab97-8c870540ab76,포켄스 강아지 뉴트리션 트릿 영양제,쿠팡검색,포켄스
4bfd02c5-d51b-4814-b9db-b68ea07c328d,"로얄 수피아캔, 음수량충족 고양이캔, 85g, 30개, 수피아 콤보",쿠팡상품,로얄
4c4bc283-22e1-402c-9e81-97600f638139,"프레스티지 캣 키튼 성장기 아기 고양이 대용량 소화잘되는 사료, 흰살생선, 1개, 8kg",쿠팡검색,프레스티지
4c6ceb90-2d43-4a14-a619-94101565bddf,하림펫푸드더리얼 강아지 동결건조 트릿,쿠팡검색,하림펫푸드
4cc4073d-4b4f-4a1d-bff9-934d622cdfc9,뉴트리나 어덜트 고양이 비스트로 에코 건식사료,쿠팡검색,뉴트리나
4d78606f-f5bb-4e0f-90f3-7d994767e15c,힐스 w/d 강아지용 멀티베네핏 1.5kg wd 애견용 드라이사료,쿠팡검색,힐스
50c6bd27-3815-4e3f-9b0d-67e689db1104,와그작 노견을 위한 살살 녹는 고구마 S,쿠팡검색,와그작
50ccb967-21c0-446c-a91e-430a14938d87,뉴트리나건강백서 강아지 순 사료,쿠팡검색,뉴트리나
5153ec90-75c3-4eb3-a754-953379564e02,포켄스덴티페어리 강아지 덴탈껌 SS,쿠팡검색,포켄스
524a4520-39e4-4386-b550-7de6f9d0495d,"뽀시래기 든든한 고양이 사료 대용량 엘라이신 길고양이 길냥이 전연령용, 500g, 20개",쿠팡검색,뽀시래기
5380bfce-dd4e-425d-936c-1afeca505b4a,마이펫닥터 고양이 시그니처 슬림 솔루션 처방식 사료,쿠팡검색,마이펫닥터
546eccc5-cfcd-4849-99cd-c38674c3a029,페페로니 강아지 진짜 오메가3 져키,쿠팡검색,페페로니
55191fea-11df-4c05-b7ea-68feceb48c6c,쉬바 고양이 주식 파우치,쿠팡검색,쉬바
57aefa40-2ad3-44d4-a259-35b2c32a4898,이나바 마구로쥬레 유산균 12P 고양이간식,쿠팡검색,이나바
5874f888-5739-4f12-8f6a-60f7cc40cbd9,와그작 노견을 위한 살살 녹는 고구마 M,쿠팡검색,와그작
58b75786-c441-49da-a1c9-2ed4bd87960d,하림펫푸드 어덜트 강아지 더리얼 그레인프리 크런치 건식사료,쿠팡검색,하림펫푸드
5902d9a9-3d4e-41ad-b722-f913138c09c9,테비트릿 동결건조 점보,쿠팡검색,테비
5aa22ecd-1cb2-4c6e-b589-618959678748,펫프레시 칼슘장어 뼈튼튼 수제간식 강아지 고양이 슬개골 저알러지 눈물자국,쿠팡검색,펫프레시
5b41fb55-d0c7-4542-b521-e3de984b0810,챠오츄르 대용량 90P 코스트코 고양이 츄르 간식 버라이어티 반려묘 차오추르 90P,쿠팡검색,챠오츄르
5b872dfd-158c-4b1f-b6e2-6a784e2ec003,맘스펫푸드 강아지 고양이 자연건조 국내산 무첨가 고단백 기호성 수제간식,쿠팡검색,맘스펫푸드
5dbb59e0-aaee-4d8c-b43f-ca132ea72dc7,"본아페티 고양이 기능성 사료, 면역/항산화, 1kg, 6개",쿠팡검색,본아페티
5e9f46e3-e07e-40ff-a15d-9e0af9c21a89,하림펫푸드 어덜트 강아지 더리얼 그레인프리 오븐베이크드 건식사료,쿠팡검색,하림펫푸드
5ea078cd-3179-432a-b04d-b80c64e9a373,도그랑 전연령 강아지 진도 골드 건식사료,쿠팡검색,도그랑
60bc1503-38fb-424a-b6ea-72fc8f849e48,"now 어덜트 강아지 그레인프리 스몰브리드 건식사료, 칠면조, 2kg, 1개",쿠팡상품,now
615f32ff-f08f-495a-b615-0b2c1f2d27f3,하림펫푸드 전연령 반려동물 더리얼 필렛 간식,쿠팡검색,하림펫푸드
61bfd01a-eb4e-4b0a-a549-9e827cc40d07,"본아페티 강아지 기능성 사료, 눈물개선/눈건강, 1kg, 2개",쿠팡검색,본아페티
61c20af4-5f32-4622-ae04-386af75d9b8b,챠오츄르 고양이 구루메 버라이어티 간식 60p,쿠팡검색,챠오츄르
61e0af7f-a8d6-4aa4-92bb-5344100bc1ea,동원뉴트리플랜 고양이 모이스트루 습식 간식,쿠팡검색,동원
63047f6f-7296-4e40-b453-5543a7a4f459,마이펫닥터 강아지 시그니처 2.0 기능성 사료,쿠팡검색,마이펫닥터
6331cb60-eaf2-44d6-89a0-126beec4cfba,[겟플렉스]이나바 제이타크 퐁츄르 버라이어티팩 고양이간식,쿠팡검색,이나바
655e5948-3683-48ef-973e-381703531ee6,동원뉴트리플랜 고양이 간식 습식캔,쿠팡검색,동원
65a172b4-ff0a-4e4c-8a62-5d58583aa70a,ANF 베터플러스 캣 기능성 사료 에이징 11+,쿠팡검색,ANF
65c5b082-332d-43ad-a8eb-c13e1de98bb6,"닥터뉴토 강아지 습식 주식 대용 뉴트리케어 리커버리 (식욕부진 노견 회복기 고열량 유동식 영양식), 15g, 60개, 가수분해닭",쿠팡검색,닥터뉴토
66066c75-3075-475c-9463-f4668607bcdf,"닥터뉴트리코어 강아지 가수분해 덴탈껌, 새우, 540g, 2개",쿠팡검색,닥터뉴트리코어
66a84039-6846-44ef-ad42-84a469ee2bb4,더독 전연령 강아지 닥터 소프트 사료,쿠팡검색,더독
66e41742-27ce-488c-9bac-03e4bd1782d0,탐사 프리미엄 뉴트리션 도그 푸드 강아지 사료 피부&장,쿠팡검색,탐사
6707b52e-9240-4f06-a64a-23cf9dd6c463,"올바른끼니 플러스 - 소고기 + 연어 + 오리 3.6kg 대용량 강아지사료 _ 60%생육, 100%휴먼그레이드, 스팀공법 영양식 강아지밥, 1세트, 3.75kg, 소+연어",쿠팡검색,올바른끼니
68287f2d-a437-4e76-91e6-d16bd4d82eef,하림펫푸드 전연령 반려동물 더리얼 필렛 간식,쿠팡검색,하림펫푸드
69781ba6-fa3e-4320-9c24-ec931165e4dd,네츄럴코어 고양이 유기농 멀티95 기능성 사료,쿠팡검색,네츄럴코어
69c77616-1b56-4d49-b9b7-0a8af0a134f4,탐사 강아지 고구마말랭이 간식,쿠팡검색,탐사
6ca6edf4-c8f0-46b7-8add-140450648f78,뽀시래기 고양이 큐브 트릿 동결건조간식,쿠팡검색,뽀시래기
6d3fe771-c020-490d-af2e-80bfd26a516f,"로얄 어드밴스캔, 고양이간식캔, 48개, 85g, 콤보",쿠팡검색,로얄
6e4d2400-1bfc-4305-98ba-6162a840cca5,네츄럴코어 강아지 소프트 슬라이스 건조 간식,쿠팡검색,네츄럴코어
7096863a-40ac-416a-908a-33187bcbb805,더독 노령견용 강아지 닥터 소프트 사료,쿠팡검색,더독
71bc01b3-7175-42d5-a720-46f4bc509ceb,캐츠랑 고양이 저요저요 보양간식,쿠팡검색,캐츠랑
74976230-face-40a5-aa0d-6ef89fea5f77,네츄럴랩 전연령 강아지 6 ZERO PLUS 3 유기농 건식사료,쿠팡검색,네츄럴랩
7519087d-d8e9-4947-b3e6-dda0313914e5,ANF 고양이 식스프리 인도어 기능성 사료,쿠팡검색,ANF
756a02c5-2b0a-49be-a856-6ceaf144df71,탐사 강아지 뉴트리션 비전 트릿,쿠팡검색,탐사
768de2bc-a547-45f4-a566-3c05a89a6837,풀무원아미오 강아지 건강담은 트릿,쿠팡검색,풀무원아미오
7941adf0-c2c9-402c-a40d-2570fa0d504e,로얄캐닌 캣 헤어볼 케어 사료 2kg  고양이 헤어볼 사료,쿠팡검색,로얄캐닌
799e1774-8f06-4ee3-9bd7-b1ea4f69d361,힐스사이언스다이어트 고양이 사이언스 다이어트 사료 어덜트 연어,쿠팡검색,힐스
7aca3926-479d-4278-9939-21603a71dd34,국개대표 강아지 올바른끼니 기능성 사료,쿠팡검색,국개대표
7cac91ae-4cce-43e4-ae5d-db986c864c33,캣스티발 캣그라스 스틱 간식 12p,쿠팡검색,캣스티발
7d6324b2-1216-4aa5-b34a-043e26708076,페스룸 퓨어 캣 드링크 10p,쿠팡검색,페스룸
7dc0ecea-1a32-4059-91a6-180c67596513,더스탠다드 신선한 반려동물 동결건조 간식 큐브 트릿,쿠팡검색,더스탠다드
7f4ff9f9-5589-4442-8258-c4597aee03b7,"누터스가든 고양이 덴티 캣 덴탈껌 17p, 80g, 3개, 닭고기",쿠팡검색,누터스가든
808eba12-cb35-4fbe-8fcf-81b77b39a151,"마이펫닥터 강아지 시그니처 유기농 기능성 사료, 눈물개선/눈건강, 1kg, 3개",쿠팡검색,마이펫닥터
82a4dffd-830d-4e82-8297-d4c821b3db3b,뉴트리나건강백서 전연령 강아지 기능성 사료,쿠팡검색,뉴트리나
82cf50c6-1907-49a4-839c-676be8b7b9b5,"보노네이처 고양이 인도어 건식사료, 참치, 10kg, 1개",쿠팡검색,보노네이처
83b02394-337a-4d85-a91e-69dc4e32c8d4,"탐사 반려동물 간식 황태채, 200g",쿠팡검색,탐사
84a2dc55-3c64-474d-8846-5079e154a1d6,캐츠랑 고양이 저요저요 보양간식,쿠팡검색,캐츠랑
85538c64-2ad7-47bb-9b44-95b88b35c77f,마이펫닥터 시그니처 유기농 강아지 사료,쿠팡검색,마이펫닥터
86294536-a72d-487d-9a52-2c56b79433aa,"프로바이오틱 라이브 소형성견용 강아지 건식사료, 연어, 2kg, 1개",쿠팡검색,프로바이오틱라이브
875207ea-3e92-4671-9f39-a4df1d9fdfb6,펫프레시 촉촉치킨25g 강아지 고양이 저알러지 눈물자국 신장 수제간식 원물간식,쿠팡검색,펫프레시
8850133e-2ebe-40bb-8f3c-9becebd581d7,유한양행레시피브이 강아지 처방식사료,쿠팡검색,유한양행레시피브이
89600c2e-65b6-48f5-bdb8-ebc0b3d74c79,탐사 고양이 뉴고메 덴탈껌,쿠팡검색,탐사
896c84aa-ec7a-41ba-9946-1d97e36b94f3,잘먹잘싸 전연령용 고양이 건식사료,쿠팡검색,잘먹잘싸
89e94732-a91e-4c37-8392-acb75fb1f3d5,"로얄 어드밴스캔, 고양이간식캔, 어드밴스 콤보, 85g, 24개",쿠팡검색,로얄
8a62a782-db60-48b4-8c72-d655715000dc,풀무원아미오 전연령 자연담은 식단 강아지 건식사료,쿠팡검색,풀무원아미오
8bb149db-bf83-44fd-940a-34f293edda17,더캣츠 고양이 쿠키샌드 간식,쿠팡검색,더캣츠
8bf77a40-199d-49a2-9aa1-17123750d236,웁스 강아지 수제간식,쿠팡검색,웁스
8d6f95b3-0de8-445d-afae-bec042a172f3,뉴트리나건강백서 강아지 기능성 사료,쿠팡검색,뉴트리나
8de2cb8c-f461-409c-a0b0-da4da00aff3a,ANF 고양이 캔 생선,쿠팡검색,ANF
9091e536-2042-4d64-9357-4d647c67991e,캣스티발 캣그라스 스틱 간식 6p,쿠팡검색,캣스티발
918b17a0-be62-40fe-aba5-a20bd3c47f10,챠오츄르 고양이 츄르 유산균 크런키,쿠팡검색,챠오츄르
928de89f-a0d8-4dca-9165-3080589c1139,로얄캐닌 습식 고양이 사료 그레이비 인도어 7+ 85g,쿠팡검색,로얄캐닌
93450fff-2617-446a-b3e4-890027f5bd53,"보나시보 어덜트 고양이 건식 사료, 1개, 5kg, 양+쌀",쿠팡검색,보나시보
9413ab23-b83b-48b8-9ad8-607c0ec74c0c,펫츠몬 고양이 짜먹는 주식 스틱 30p,쿠팡검색,펫츠몬
94b21c43-4319-4c08-b6cd-82da25a6a0b2,챠오츄르 고양이 구루메 버라이어티 간식 60p,쿠팡상품,챠오츄르
9568f0bf-b9a6-49f1-a447-150957c4c9c1,"조공 반려동물 미니트릿 동결건조 간식, 혼합맛(닭/북어), 130g, 1세트",쿠팡검색,조공
961b2d64-fcaa-4fc3-aa69-f61cc3095ca8,테이스트오브더와일드 고양이 토우 사료,쿠팡검색,테이스트오브더와일드
963d3289-6de8-4880-99e8-ecdf17bce995,페페로니 강아지 진짜 오메가3 져키,쿠팡검색,페페로니
96db8a21-c49e-459e-922b-049ed4057615,캐츠랑 키튼 아기고양이사료 수유묘 전용 건식사료,쿠팡검색,캐츠랑
98cf6dea-b506-4edc-a6c8-f1a522ec32eb,네츄럴코어 전연령 강아지 에코플러스1 건식사료,쿠팡상품,네츄럴코어
995e8e39-8cf5-4f01-a646-00f89bfa98d0,굿딜즈 고양이 360도 회전 고슴도치  캣닢볼 블루,쿠팡검색,굿딜즈
99ac6c0f-cdfd-41df-a4c5-61865297d049,"오가앤리프 어덜트 고양이 인도어 유기농 가수분해 건식사료, 1개, 1.8kg",쿠팡검색,오가앤리프
9b077b8f-d42c-4669-a262-94af9c7ef9be,"블루버팔로 어덜트 강아지 와일드 스피릿 건식사료, 연어, 5.8kg, 1개",쿠팡검색,블루버팔로
9c555374-0bd0-4e54-8a83-68a3b2461a02,"와그작 강아지 톡톡 미니 트릿, 혼합맛(고구마/자색고구마/당근/양배추), 30g, 6개",쿠팡검색,와그작
9d04b445-28a5-44bd-a942-1fdc1c7ae731,"[대용량] 슬로울리라이프 10+ (10~12세) 노령견 노견 시니어 소프트 사료 MEGA PACK 4.8kg, 1개, 4.8kg, 연어+오리",쿠팡검색,슬로울리라이프
9d6eb633-1f3d-448e-99f3-0e8aabda40c7,now 고양이 어덜트 프레쉬 굿 그레이비 연어레시피,쿠팡검색,now
9d86fd05-08d1-4c39-97b6-e675952d0ecc,탐사 X 사조 뉴 고메 고양이 캔,쿠팡검색,탐사
9f5e0793-0287-4d28-b1c5-8db7bd1daa7f,이나바 고양이 챠오츄르 버라이어티 간식,쿠팡검색,이나바
9f8dd1cb-9fe2-49ee-9782-18bf2e58e300,"닥터뉴토 고양이 동결건조 간식 유산균 트릿 (구내염/구취/치석제거 도움), 5개, 55g, 치킨",쿠팡검색,닥터뉴토
a0057203-c0bd-4893-b41f-dd1f28823263,"닥터뉴토 고양이 짜먹는 간식 한입 스틱 (유산균 장건강, 헤어볼 케어에 도움), 10g, 60개, 유산균 참치",쿠팡검색,닥터뉴토
a029de87-835b-40fa-ba68-768049534405,페스룸 고양이 퓨어 스틱 7p,쿠팡검색,페스룸
a09b209c-d34b-4479-a96e-a1919e26fed0,"프레스티지 캣 시니어 8+ 노령 대용량 관절 신장케어 고양이 사료, 1개, 10kg, 닭+칠면조",쿠팡검색,프레스티지
a141feba-ece3-4bd0-8307-8e9420245d2a,"슬로울리라이프 연어 오리 13+ (13세 이상) 노령견 노견 부드러운 소프트 사료, 1개, 1.6kg, 연어+오리",쿠팡검색,슬로울리라이프
a14f7578-452c-48f8-88e1-bf5ae38a1fe5,풀무원아미오 자연담은퓨레 닭가슴살과 당근,쿠팡검색,풀무원아미오
a184dfdb-ee67-401e-a66f-0d8d0c0940f3,"본아페티 고양이 허피스 사료 구강 면역력 구내염 기능성 무보존제 건식 사료, 면역/항산화, 1kg, 3개",쿠팡검색,본아페티
a27f0157-d6bc-4ce0-b8d6-11ef86c7386d,탐사 고양이 간식 스낵,쿠팡검색,탐사
a379d88b-4f52-410f-b231-47fabb5b3dc0,이즈칸 독 웨이트 컨트롤 솔루션 사료,쿠팡검색,이즈칸
a3dc9b20-5f63-44ef-978e-ad2cf80b5dff,시저 1세 이상 강아지 버라이어티팩 3종 주식캔,쿠팡검색,시저
a4e42533-189d-4689-8447-943dea1a2adf,건강백서 어덜트 반려견 기능성 사료,쿠팡검색,건강백서
a4f50812-174e-4f2c-b7e1-0b894a9d4fce,뽀시래기 강아지 동결건조 간식 큐브 트릿,쿠팡검색,뽀시래기
a6035f7c-97d3-460f-86e2-3f1821da4460,ANF 전연령 독 식스프리 플러스 레드 건식사료,쿠팡검색,ANF
a73d5f39-d45a-4e5d-aa7c-59c15975b312,"백년애 고기가 2배 이상 말린 오래먹는 강아지껌, 오리고기 소형, 250g, 2개",쿠팡검색,백년애
a757ab2e-106c-459d-b454-90fb67baae7b,웁스 반려동물 닭가슴살 간식,쿠팡검색,웁스
a802eb7c-2c41-40bd-a70e-b1f7438d7d65,네츄럴랩 강아지 수제 건조간식,쿠팡검색,네츄럴랩
a8adea28-2e81-4acf-9840-095f17463366,하림펫푸드 어덜트 강아지 더리얼 그레인프리 오븐베이크드 건식사료,쿠팡검색,하림펫푸드
a9150bfb-b267-4c84-b37e-cd92938e83a7,탐사 퍼피 도그푸드,쿠팡검색,탐사
aad2cf27-44ca-4242-996d-1c4b78f801ce,"펫츠몬 고양이 짜먹는 스틱, 혼합맛(닭고기/참치/연어), 900g, 2개",쿠팡검색,펫츠몬
aae9ceed-a8b0-4c2b-9686-6c86cb518c1f,조이펫 강아지 풍미가득 건강한 육포,쿠팡검색,조이펫
ac363c1b-5ca9-4394-9bf0-cb5277fb083e,동원뉴트리플랜 고양이 모이스트루 습식 간식,쿠팡상품,동원
ac6b82c7-f08a-4324-8617-1640ecdf0722,ANF 생후 4개월 이상 인도어 독 식스프리 건식사료,쿠팡검색,ANF
ad81dea1-f2b3-421f-a6df-72cc5b5284cb,"(큰알맹이) 오가닉스토리 강아지 가수분해 사료 소고기 7kg, 가수분해소, 7kg, 1개",쿠팡검색,오가닉스토리
ae9e5bb4-ad88-488a-9584-732fefee59e3,풀무원아미오 강아지 헬씨믹스 트릿 영양제,쿠팡검색,풀무원아미오
af28ac77-30da-4e94-9ec8-3f341b280ba9,펫츠몬 강아지 실속있는선택 건조간식,쿠팡검색,펫츠몬
b00ed29c-eb5b-4e8c-b873-344cce5a520c,[오늘까까] 이나바 챠오 스프 파우치,쿠팡검색,이나바
b103a205-8a05-4c6a-9c32-9de6887d2aee,"닥터뉴토 고양이 습식 간식 한입 쏘옥 미니캔 8개입 조구만에디션 (피부, 피모 건강 도움 영양 간식), 240g, 6개, 참치",쿠팡검색,닥터뉴토
b205c50b-0119-4635-9c30-99eae26da5c4,잘먹잘싸 전연령 강아지 건식사료,쿠팡검색,잘먹잘싸
b2f310f8-c98b-4252-bf8e-7109031c2f19,로얄캐닌 고양이파우치-유리너리 케어Box 85gx12개 습식사료,쿠팡검색,로얄캐닌
b4c23c37-5536-4e9a-9b50-9a7bee83a20c,탐사 고양이 사료 치킨,쿠팡검색,탐사
b4d0f08c-c34f-44cf-a3dc-a8dd46e8777b,탐사 고양이 사료 참치,쿠팡검색,탐사
b68b79e2-4a10-4bc2-ba0d-5a6bcaa5fc2d,탐사 전연령용 고양이 사료,쿠팡검색,탐사
b808c359-03b7-4c5d-a196-c65d7fdef4b9,굿딜즈 고양이 360도 회전 고슴도치  캣닢볼 브라운,쿠팡검색,굿딜즈
b8708712-13cb-449f-8a7f-48cfadb56839,캣퓨어 고양이 올데이 유산균 미니 장건강 신장관리 도움 기능성 습식 간식캔,쿠팡검색,캣퓨어
b8f4e0e0-3633-4bd8-aaab-2e81e1e6614f,네츄럴랩 강아지 케어 유기농 기능성 사료,쿠팡검색,네츄럴랩
ba05cb55-29f2-4778-97a3-14e2f5a6e3d0,"블루버팔로 와일드 스피릿 인도어 키튼 사료, 닭, 4.9kg, 1개",쿠팡검색,블루버팔로
baf5286e-e4cd-42e6-ad96-4fb20aceab89,now 퍼피 그레인프리 스몰브리드 건식사료,쿠팡검색,now
bb264d69-d9b4-4201-b6cf-575b812e5068,챠오츄르 대용량 90P 코스트코 고양이 츄르 간식 버라이어티 반려묘 차오추르 90P,쿠팡상품,챠오츄르
bb33ed63-4d5b-4183-bf50-3d5a21112df2,"로얄 미쵸 캔 콤보, 고양이간식캔, 85g, 30개, 미쵸 콤보",쿠팡검색,로얄
bc79237e-d522-41a4-8a49-6f11ab85dedb,이즈칸 고양이 시니어 밸런스 기능성 사료,쿠팡검색,이즈칸
bd601b25-5137-4a54-befb-0da88b18e638,탐사 고양이 뉴트리핏 웨이트 컨트롤 체중조절 사료 닭,쿠팡검색,탐사
bd69f9ee-d596-41e5-8be9-427a6c7e16bd,"백년애 고기가 2배 이상 말린 오래먹는 강아지껌, 12개, 250g, 닭고기 중형",쿠팡검색,백년애
bdcba0d0-5d72-49a0-bf0d-0a16e03ff367,뉴트리나 프라임캣 블루 20kg 고양이사료 대용량 대포장 길냥이밥 길고양이 전연령,쿠팡검색,뉴트리나
c03e0b25-6eb1-4c24-9821-91282410c51f,"now 시니어 강아지 프레쉬 스몰브리드 굿 그레이비 건식사료, 칠면조, 2kg, 1개",쿠팡검색,now
c0ad08f7-2668-44cf-9181-f743b28de1ac,"굿포펫 엔자이츄 강아지 덴탈껌 효소 치석 양치껌 오래먹는 강아지간식 소형견 이갈이 꿀고구마맛, 1개, 100g, 꿀고구마맛",쿠팡검색,굿포펫
c1fcd24a-d817-4afd-a795-bb591ad0a67f,"보노네이처 고양이 유기농 ( 피부 & 요로방광 ) ( 피부 & 면역 ) 가수분해 전연령 기능성사료, 7kg, 1개, 닭",쿠팡검색,보노네이처
c2ea55ea-e712-49e4-b85d-819a41b3b2b7,브리더랩 육편서 고양이 슬라이스 토핑 육포 간식,쿠팡검색,브리더랩
c2f52605-bbc6-43d1-a43c-ef16fba200d9,건강백서 강아지 기능성 사료,쿠팡검색,건강백서
c33ef40c-7327-43c5-a4c0-8d6a159ab4a7,네츄럴코어 전연령 강아지 에코플러스1 건식사료,쿠팡검색,네츄럴코어
c6139309-06e2-4305-a348-8b937c16d3b5,굿포펫 스틱 간식 짜개 강아지 고양이 간식 숟가락,쿠팡검색,굿포펫
c75bac4c-c91e-46ec-8907-b8b776b90bbe,퓨리나원 캣 기능성 사료,쿠팡검색,퓨리나원
c849ee80-a79e-438d-8981-d4857274dd05,네이처펫 반려동물 동결건조 간식,쿠팡검색,네이처펫
c84f9469-b63c-4b7e-85a4-a7286c76cc38,브리더랩 포 캣 츄츄 간식 슬라이스,쿠팡검색,브리더랩
c88b149f-c0fe-4764-82fa-a426192ecfb7,"EVOLVE 강아지 그레인프리 라이트 기능성 사료, 시니어, 12.7kg, 1개",쿠팡검색,EVOLVE
c908c042-8d9e-46c7-b015-e1ebe060851f,"굿포펫 이즈바이트 강아지 덴탈껌 버블 분리불안 양치껌 저알러지 말랑 오래먹는 강아지간식, 1개, 91g, 꿀고구마맛",쿠팡검색,굿포펫
c95594f7-ee6b-42e5-bcfa-0326983c04f8,풀무원아미오 강아지 헬씨믹스 트릿 영양제,쿠팡상품,풀무원아미오
c9d822e7-0b34-4785-9c03-c58a4e823b29,하림펫푸드 어덜트 더리얼 캣 그레인프리 크런치 건식사료,쿠팡검색,하림펫푸드
cd77ee77-91e4-4b4d-b41e-95c2e9444371,"펫퍼스 애견비책 화식 강아지사료 습식사료 화식사료 애견사료 자연식사료, 24개, 120g, 연어+오리",쿠팡검색,펫퍼스
cdf9f2d4-bb02-426a-8bde-22f1d5756cb4,"오가앤리프 전연령 골든 리트리버 올라이프 케어 대용량 건식사료, 1개, 12kg, 오리 + 현미",쿠팡검색,오가앤리프
cfb43670-9fc1-4b82-888c-7217796fdda3,"탐사 6free 강아지 사료, 연어 레시피",쿠팡검색,탐사
cfbda4c5-cb5e-41c1-a8d4-785af31196e1,"캣퓨어 고양이 딜리셔스 스낵, 10개, 60g, 헤어볼 컨트롤",쿠팡검색,캣퓨어
d0b0e39a-1672-47d7-8db3-60e8b0d53fe3,반려소반 강아지 바른채식 노즈워크 트릿,쿠팡검색,반려소반
d0eab02f-5355-4dbc-9464-61de331c21ef,프로베스트 고양이 그린 전연령 기능성 사료,쿠팡검색,프로베스트
d1d7a685-eb7b-4888-9429-79bdc6982a82,"애니몬다 인테그라 유리너리 고양이 사료 1.2kg, 1개, 1.2kg, 닭+칠면조",쿠팡검색,애니몬다
d216f6f6-095c-4ea4-980a-18867807a857,"오가앤리프 유기농 가수분해 눈물 관절 피부 알러지 강아지 사료 연어&아마씨, 가수분해연어, 1.8kg, 1개",쿠팡검색,오가앤리프
d2990596-c505-4d44-bc30-5ffbdc291d7e,탐사 강아지 간식 리얼 촉촉 큐브 져키,쿠팡검색,탐사
d3df0999-9d0e-41bc-b564-7adc618a4a14,챠오츄르 고양이 짜먹는 간식,쿠팡검색,챠오츄르
d40e0ae0-7d5a-4afe-95cc-ccbd2bce3d1e,로렌츠 강아지 슬개골탈구 눈물자국 사료 팜레시피,쿠팡검색,로렌츠
d41d8e37-a612-4f61-810a-9d821f702d69,"어스본홀리스틱 그레인프리 와일드 씨캐치, 해산물, 5.67kg, 1개",쿠팡검색,어스본홀리스틱
d5411eac-509c-44c8-8af2-4c55effb3a45,유한양행레시피브이 고양이 처방식 사료,쿠팡검색,유한양행레시피브이
d5deda2a-b791-4ba8-b3c6-db06e1b7ebba,이즈칸 강아지 어덜트 밸런스,쿠팡검색,이즈칸
d95d1681-7d7e-41d6-affc-4f674b376de0,퓨리나원 1세 이상 캣 습식 비뇨기계 주식파우치,쿠팡검색,퓨리나원
d983da6e-15db-4751-8148-24d1d7c96f83,굿데이 맛있는 유산균껌 강아지 간식,쿠팡검색,굿데이
d984eabe-def9-4386-8fef-a664b310bb3a,"오가앤리프 유기농 가수분해 눈물 관절 피부 알러지 강아지 사료 연어&아마씨, 가수분해연어, 1.8kg, 1개",쿠팡상품,오가앤리프
dbb14135-1858-4434-822b-cfd5b0174b2e,템테이션 고양이 메가팩 스낵 3종 세트,쿠팡검색,템테이션
dd15ea58-472a-43dc-bde2-c9975af78ec5,"ANF 전연령 고양이 AD 어드밴티지 필라인 건식사료, 4kg, 1개, 소",쿠팡검색,ANF
dd4f1f69-3260-41a0-a4dd-6687dfc9f96f,탐사 고양이 사료 연어,쿠팡검색,탐사
ddb77408-2476-451c-99b2-74b99726cb9b,이나바 챠오츄르 고양이간식 14gX30개 코스트코,쿠팡검색,이나바
df8a8d41-dc23-4216-878b-a3cd73371099,도그랑 전연령 강아지 클래식 건식사료,쿠팡검색,도그랑
dfc09914-c114-4fd3-a7eb-989a2fb7a60e,"라피끄 강아지 유산균 품은 져키, 연어, 1kg, 1개",쿠팡검색,라피끄
e04e0c4f-1521-4148-ad8d-b99cb3f27bfb,"닥터뉴토 강아지 고양이 고단백 통살 간식 (100% 국내산 순살), 30개, 20g, 북어",쿠팡검색,닥터뉴토
e066676e-357f-4455-be4c-b8ea048afd27,"든든 고양이 큐브 동결 건조간식, 닭가슴살, 240g, 1개",쿠팡검색,든든
e06b0c80-d7bf-456d-86f1-1e712bf94954,ANF 강아지 에이징 사료 5단계 11~14세,쿠팡검색,ANF
e0b4f9a4-a6c3-4314-8680-051741239650,로얄캐닌 인도어 고양이 사료,쿠팡검색,로얄캐닌
e0d6b4e4-3110-48dc-b635-84f992bf03c1,더캣츠 고양이 미니 베로베로 파우치 20개입,쿠팡검색,더캣츠
e64d3616-1f4d-4a5c-ab5e-70e2a5148ae5,프로베스트 고양이 그린 전연령 기능성 사료,쿠팡검색,프로베스트
e693c63d-56cc-47a8-a4fe-0b5b5e7dc5a4,"블루버팔로 퍼피 와일드 스피릿 건식사료, 5.8kg, 1개, 닭",쿠팡검색,블루버팔로
e714f25a-cb9e-4461-b553-0819823d2e27,라피끄 강아지 유산균 품은 져키,쿠팡검색,라피끄
e7e71d38-5402-46d2-a60a-671be06df3c0,"애니몬다 인테그라 캣 당뇨 토끼 100g, 100g, 1개",쿠팡검색,애니몬다
e817662d-67ea-461b-902e-21062199a804,"보나시보 키튼 고양이 건식사료, 닭+쌀, 1.5kg, 2개",쿠팡검색,보나시보
e8fcc615-5527-481d-9d9d-d674728b520b,시저 1세 이상 강아지 버라이어티팩 주식캔,쿠팡검색,시저
e9b16121-1bd2-4031-a594-0d8287f52731,로얄캐닌 고양이 기능성 사료,쿠팡검색,로얄캐닌
eaf55c79-f93c-4a8a-86c7-81281d0a7558,"제로랩스 강아지 영양가득 져키, 브로콜리+단호박+연어, 1kg, 2개",쿠팡검색,제로랩스
ec188002-bc0e-4615-8ec1-e6f2639b4c0f,"누터스가든 고양이 껌 이빨 간식 세트 3종 덴티바이트+덴티캣+냥태깡, 1세트, 200g, 혼합(닭고기/황태)",쿠팡검색,누터스가든
ed028001-5511-4c66-a404-c84330430d01,"어스본홀리스틱 그레인프리 프리머티브 필라인, 닭, 5.67kg, 1개",쿠팡검색,어스본홀리스틱
ed507695-b673-4077-9b39-c3a26b577424,이즈칸 캣 유리너리 솔루션 사료,쿠팡검색,이즈칸
ef9c54bd-c2de-4cb4-aff6-82bd10c100b3,퓨리나원 캣 순살 연어 기능성 사료,쿠팡검색,퓨리나원
f2856c54-1775-4976-92c4-414a10067ae9,"프로바이오틱라이브 어덜트용 고양이 건식사료, 닭, 2kg, 1개",쿠팡검색,프로바이오틱라이브
f3a07b48-56aa-4b2b-b1f5-e24ea0e6ee50,동원뉴트리플랜 고양이 간식 습식캔,쿠팡상품,동원
f3cc3a91-bdcb-407c-a564-18497d4872fb,더독 노령견용 강아지 닥터 소프트 사료,쿠팡검색,더독
f51ff0ba-d61f-43e0-84b9-95ab5f165295,그리니즈 고양이 필라인 덴탈 스낵,쿠팡검색,그리니즈
f52545c6-35aa-4dc7-9943-dbe14ad762c5,"제로랩스 강아지 국내산 노즈워크 영양간식 베리가득 져키, 혼합맛(블루베리/딸기/요거트), 1kg, 1개",쿠팡상품,제로랩스
f5405155-7c14-4e86-b659-e42d7e9beff2,졸리마켓 반려동물 통살트릿,쿠팡검색,졸리마켓
f551adeb-d56d-41ad-a7f3-15159a2e7b3e,캐츠랑 전연령 고양이 건식사료,쿠팡검색,캐츠랑
f60791f2-8cad-4b4e-820d-84fba3dc4946,"로얄 어드밴스 캔 콤보 (1box/24개입) 고양이 캔 간식 통조림, 어드밴스 콤보, 85g, 24개",쿠팡상품,로얄
f7ba0449-525f-426f-b801-9ccd5743f9c3,"펫퍼스 애묘비책 영양죽 고양이죽 사료 보양식 닭고기 참치 연어 가쓰오부시, 15개, 50g, 참치+가쓰오부시",쿠팡검색,펫퍼스
f866e8d4-ca12-4e9a-a403-c271500debc7,동원뉴트리플랜 키튼 플러스 건식사료,쿠팡검색,동원
f8ffbda6-fe4f-4377-be91-114c9df2d32c,잘먹잘싸 강아지 건식사료,쿠팡검색,잘먹잘싸
f92263ea-41a9-4c0d-b52f-5ae090b7921d,"펫리서치 짜먹는 고양이 간식 츄, 참치+연어+닭고기, 15g, 90개",쿠팡검색,펫리서치
fa0c8394-af56-4d00-bc82-78529f743e74,조이펫 반려동물 동결건조 간식,쿠팡검색,조이펫
faec6f11-fc64-4562-9b7b-5f0970219f19,"더스탠다드 강아지저키 국내산 노즈워크간식 생육져키, 1개, 1kg, 소고기",쿠팡검색,더스탠다드
fb3138f7-7a76-4090-b02a-c735f1657353,"ANF 전연령 강아지 램28 건식사료, 양, 10kg, 1개",쿠팡검색,ANF
fb6493bd-26a5-4e87-8726-f3837f872ab2,동원뉴트리플랜 어덜트 고양이 플러스 건식사료,쿠팡검색,동원
fc5f8064-a9cd-4d81-83d9-4ca80c0510d0,이나바 고양이 생선 가득 파우치,쿠팡검색,이나바
fc83de03-7390-4de9-a3f0-88bfa5e31427,"챠오츄르 참치 고양이간식 SC-71, 참치맛, 56g, 12개",쿠팡상품,챠오츄르
fda02616-022d-4a88-a11b-cc5c14839b1f,"로얄 수피아캔, 음수량충족 고양이캔, 24개, 170g, 수피아 콤보",쿠팡검색,로얄
fe0b5107-e5ea-4c15-965b-0e54eabb2f51,네츄럴코어 캣쵸 고양이 간식,쿠팡검색,네츄럴코어
fe120738-7d18-47f2-90b4-a62605d90efd,이즈칸 캣 프로액티브 기능성 사료,쿠팡검색,이즈칸
fe5c00ba-a314-4087-9240-c880caea7b90,템테이션 고양이 메가팩 스낵 간식,쿠팡검색,템테이션
fe7627fd-aef9-4ebf-8f9a-949c47574ac0,하림펫푸드 시니어 더리얼 캣 그레인프리 크런치 건식사료,쿠팡검색,하림펫푸드
